Roll_number,Name,Standard,Division,English,Hindi,Maths,Science,History,Geography,Percent,How interactive in class,Assignments on time,Attentive in class,Creativity,Participation in extra curricular,Confidence,Social relationships,Obedient
jbv 1 A 1 2022,QEKYDCT,1,A,40.0,44.0,58.0,46.0,93.0,26.0,51.166666666666664,0.0,2.0,3.0,3.0,2.0,4.0,2.0
jbv 1 A 2 2022,2XUACZK,1,A,18.0,62.0,1.0,98.0,85.0,28.0,48.666666666666664,3.0,2.0,0.0,0.0,0.0,0.0,2.0
jbv 1 A 3 2022,5BS989R,1,A,22.0,55.0,51.0,95.0,87.0,50.0,60.0,2.0,4.0,0.0,0.0,0.0,4.0,3.0
jbv 1 A 4 2022,9JYEN2D,1,A,8.0,19.0,32.0,45.0,9.0,95.0,34.666666666666664,3.0,1.0,4.0,4.0,4.0,0.0,0.0
jbv 1 A 5 2022,O5AR2MD,1,A,98.0,73.0,82.0,85.0,79.0,97.0,85.66666666666667,2.0,0.0,4.0,2.0,0.0,2.0,2.0
jbv 1 A 6 2022,A3NMD04,1,A,36.0,60.0,92.0,40.0,62.0,16.0,51.0,1.0,2.0,3.0,4.0,0.0,0.0,2.0
jbv 1 A 7 2022,M4PR3UX,1,A,9.0,95.0,51.0,13.0,29.0,38.0,39.166666666666664,0.0,3.0,4.0,0.0,2.0,2.0,0.0
jbv 1 A 8 2022,MH0HANM,1,A,22.0,24.0,86.0,88.0,88.0,81.0,64.83333333333333,0.0,3.0,0.0,1.0,0.0,0.0,3.0
jbv 1 A 9 2022,EHFTHY6,1,A,10.0,37.0,21.0,74.0,0.0,63.0,34.166666666666664,1.0,4.0,4.0,0.0,2.0,1.0,0.0
jbv 1 A 10 2022,JH9V9QG,1,A,77.0,49.0,0.0,24.0,10.0,83.0,40.5,2.0,4.0,0.0,0.0,0.0,3.0,0.0
jbv 1 B 1 2022,THOIJEE,1,B,77.0,94.0,32.0,79.0,79.0,41.0,67.0,2.0,1.0,2.0,0.0,1.0,4.0,1.0
jbv 1 B 2 2022,Z0SXZ0H,1,B,73.0,76.0,49.0,36.0,96.0,94.0,70.66666666666667,3.0,2.0,2.0,2.0,1.0,0.0,4.0
jbv 1 B 3 2022,K7719ZE,1,B,17.0,91.0,52.0,57.0,25.0,77.0,53.166666666666664,4.0,3.0,0.0,2.0,1.0,0.0,4.0
jbv 1 B 4 2022,TJEA7X1,1,B,10.0,93.0,19.0,93.0,63.0,7.0,47.5,0.0,4.0,0.0,1.0,1.0,0.0,4.0
jbv 1 B 5 2022,ZCP0R6F,1,B,78.0,61.0,84.0,88.0,20.0,46.0,62.833333333333336,4.0,4.0,1.0,3.0,4.0,2.0,1.0
jbv 1 B 6 2022,O0LGULN,1,B,84.0,19.0,93.0,5.0,79.0,41.0,53.5,2.0,3.0,1.0,1.0,2.0,3.0,4.0
jbv 1 B 7 2022,CW37AHO,1,B,11.0,99.0,52.0,60.0,34.0,7.0,43.833333333333336,2.0,1.0,4.0,2.0,1.0,4.0,3.0
jbv 1 B 8 2022,L0N0Z9C,1,B,58.0,18.0,53.0,44.0,98.0,37.0,51.333333333333336,4.0,3.0,4.0,3.0,1.0,0.0,2.0
jbv 1 B 9 2022,YMCEOGU,1,B,42.0,41.0,50.0,71.0,87.0,88.0,63.166666666666664,0.0,4.0,4.0,4.0,2.0,1.0,1.0
jbv 1 B 10 2022,750U8NX,1,B,29.0,8.0,8.0,35.0,31.0,62.0,28.833333333333332,4.0,1.0,0.0,2.0,2.0,4.0,2.0
jbv 1 C 1 2022,WTRYIAD,1,C,50.0,41.0,82.0,71.0,64.0,46.0,59.0,2.0,3.0,0.0,3.0,0.0,4.0,4.0
jbv 1 C 2 2022,E4XRL8Z,1,C,72.0,33.0,94.0,70.0,89.0,61.0,69.83333333333333,1.0,3.0,3.0,1.0,3.0,2.0,4.0
jbv 1 C 3 2022,E6BTE2A,1,C,27.0,38.0,13.0,54.0,3.0,88.0,37.166666666666664,0.0,0.0,4.0,1.0,1.0,4.0,1.0
jbv 1 C 4 2022,ZJAEH1P,1,C,26.0,72.0,13.0,60.0,25.0,91.0,47.833333333333336,3.0,4.0,2.0,1.0,2.0,3.0,0.0
jbv 1 C 5 2022,949FXQH,1,C,70.0,72.0,97.0,52.0,31.0,26.0,58.0,2.0,1.0,0.0,0.0,1.0,1.0,3.0
jbv 1 C 6 2022,EQB44N1,1,C,57.0,40.0,16.0,90.0,53.0,6.0,43.666666666666664,2.0,3.0,1.0,2.0,3.0,1.0,1.0
jbv 1 C 7 2022,YHULDZC,1,C,40.0,19.0,78.0,96.0,59.0,72.0,60.666666666666664,1.0,3.0,3.0,2.0,0.0,2.0,1.0
jbv 1 C 8 2022,JBDNJS7,1,C,24.0,37.0,70.0,69.0,68.0,87.0,59.166666666666664,2.0,2.0,3.0,2.0,4.0,1.0,4.0
jbv 1 C 9 2022,0F6ZL7B,1,C,17.0,8.0,87.0,33.0,72.0,85.0,50.333333333333336,3.0,4.0,3.0,3.0,1.0,0.0,1.0
jbv 1 C 10 2022,MZXP07A,1,C,36.0,49.0,60.0,83.0,76.0,44.0,58.0,1.0,3.0,4.0,4.0,4.0,4.0,1.0
jbv 1 D 1 2022,65SR5GZ,1,D,49.0,39.0,81.0,34.0,56.0,82.0,56.833333333333336,3.0,3.0,1.0,3.0,0.0,2.0,1.0
jbv 1 D 2 2022,51Y24HP,1,D,40.0,90.0,45.0,83.0,97.0,42.0,66.16666666666667,4.0,4.0,0.0,3.0,0.0,4.0,2.0
jbv 1 D 3 2022,RY7VNAA,1,D,99.0,80.0,9.0,25.0,69.0,24.0,51.0,3.0,0.0,3.0,2.0,2.0,3.0,1.0
jbv 1 D 4 2022,P82ASQ1,1,D,11.0,49.0,95.0,30.0,69.0,31.0,47.5,2.0,1.0,2.0,2.0,4.0,4.0,0.0
jbv 1 D 5 2022,62EQAFD,1,D,77.0,77.0,39.0,1.0,63.0,86.0,57.166666666666664,3.0,2.0,4.0,1.0,2.0,0.0,4.0
jbv 1 D 6 2022,1LBSPLN,1,D,92.0,43.0,15.0,89.0,64.0,96.0,66.5,3.0,2.0,0.0,1.0,4.0,0.0,4.0
jbv 1 D 7 2022,5QLZES2,1,D,96.0,31.0,42.0,72.0,15.0,80.0,56.0,1.0,1.0,0.0,1.0,2.0,0.0,3.0
jbv 1 D 8 2022,6SZPSA2,1,D,66.0,57.0,70.0,34.0,46.0,61.0,55.666666666666664,2.0,3.0,1.0,1.0,3.0,4.0,2.0
jbv 1 D 9 2022,JH6BV5L,1,D,91.0,63.0,57.0,1.0,12.0,89.0,52.166666666666664,3.0,1.0,2.0,0.0,2.0,0.0,0.0
jbv 1 D 10 2022,V88R2MJ,1,D,36.0,64.0,56.0,83.0,71.0,92.0,67.0,2.0,4.0,3.0,2.0,3.0,3.0,0.0
jbv 2 A 1 2022,0VXJX9U,2,A,46.0,73.0,45.0,12.0,27.0,82.0,47.5,3.0,3.0,0.0,2.0,2.0,2.0,2.0
jbv 2 A 2 2022,994SBZI,2,A,64.0,99.0,79.0,49.0,36.0,16.0,57.166666666666664,4.0,3.0,2.0,0.0,0.0,3.0,3.0
jbv 2 A 3 2022,OKQF29B,2,A,90.0,12.0,67.0,34.0,20.0,19.0,40.333333333333336,1.0,4.0,3.0,4.0,1.0,4.0,3.0
jbv 2 A 4 2022,4HZ3V4O,2,A,57.0,48.0,53.0,58.0,39.0,16.0,45.166666666666664,2.0,1.0,3.0,1.0,4.0,1.0,4.0
jbv 2 A 5 2022,K229VB3,2,A,27.0,32.0,23.0,25.0,91.0,80.0,46.333333333333336,0.0,2.0,3.0,2.0,1.0,4.0,3.0
jbv 2 A 6 2022,SX5TX2N,2,A,56.0,61.0,57.0,13.0,60.0,47.0,49.0,0.0,4.0,2.0,0.0,2.0,1.0,4.0
jbv 2 A 7 2022,OIRXPAQ,2,A,28.0,98.0,84.0,45.0,83.0,88.0,71.0,0.0,4.0,2.0,0.0,0.0,4.0,0.0
jbv 2 A 8 2022,AKYZVQ5,2,A,45.0,48.0,51.0,35.0,32.0,39.0,41.666666666666664,3.0,2.0,3.0,4.0,0.0,2.0,3.0
jbv 2 A 9 2022,E8R02JB,2,A,97.0,61.0,8.0,4.0,56.0,68.0,49.0,4.0,2.0,4.0,0.0,4.0,0.0,4.0
jbv 2 A 10 2022,MAR2IJ2,2,A,14.0,14.0,61.0,17.0,38.0,84.0,38.0,4.0,1.0,1.0,4.0,3.0,4.0,0.0
jbv 2 B 1 2022,NWX4UBG,2,B,74.0,96.0,78.0,59.0,74.0,3.0,64.0,4.0,3.0,0.0,2.0,0.0,1.0,0.0
jbv 2 B 2 2022,07R8AKA,2,B,30.0,67.0,97.0,10.0,97.0,22.0,53.833333333333336,0.0,4.0,2.0,4.0,1.0,2.0,3.0
jbv 2 B 3 2022,JY2V7LQ,2,B,15.0,39.0,21.0,97.0,5.0,44.0,36.833333333333336,1.0,1.0,2.0,4.0,2.0,2.0,1.0
jbv 2 B 4 2022,QTS7AED,2,B,50.0,23.0,41.0,67.0,23.0,28.0,38.666666666666664,1.0,1.0,2.0,2.0,4.0,2.0,0.0
jbv 2 B 5 2022,VCJW48Y,2,B,68.0,6.0,9.0,11.0,49.0,77.0,36.666666666666664,4.0,1.0,1.0,0.0,4.0,2.0,1.0
jbv 2 B 6 2022,RBOCKCT,2,B,6.0,51.0,13.0,18.0,38.0,52.0,29.666666666666668,0.0,4.0,3.0,1.0,0.0,0.0,2.0
jbv 2 B 7 2022,XCVS99W,2,B,83.0,69.0,47.0,63.0,19.0,35.0,52.666666666666664,2.0,0.0,4.0,2.0,2.0,2.0,2.0
jbv 2 B 8 2022,RSE4WMY,2,B,78.0,2.0,44.0,0.0,70.0,26.0,36.666666666666664,2.0,4.0,4.0,0.0,0.0,4.0,0.0
jbv 2 B 9 2022,60EQFHZ,2,B,83.0,62.0,82.0,52.0,43.0,48.0,61.666666666666664,2.0,3.0,3.0,4.0,0.0,2.0,1.0
jbv 2 B 10 2022,SFLR3HY,2,B,49.0,66.0,53.0,13.0,26.0,7.0,35.666666666666664,1.0,0.0,3.0,0.0,2.0,1.0,1.0
jbv 2 C 1 2022,AYC8VQO,2,C,19.0,19.0,19.0,40.0,90.0,38.0,37.5,4.0,2.0,2.0,2.0,1.0,2.0,1.0
jbv 2 C 2 2022,9GFB5ER,2,C,3.0,68.0,79.0,24.0,60.0,34.0,44.666666666666664,1.0,3.0,0.0,0.0,2.0,0.0,4.0
jbv 2 C 3 2022,WLUZXO2,2,C,93.0,21.0,70.0,66.0,0.0,78.0,54.666666666666664,0.0,0.0,0.0,3.0,4.0,3.0,4.0
jbv 2 C 4 2022,031QP7H,2,C,49.0,19.0,63.0,14.0,6.0,13.0,27.333333333333332,3.0,3.0,0.0,1.0,2.0,3.0,2.0
jbv 2 C 5 2022,G2CC2LR,2,C,11.0,63.0,23.0,24.0,92.0,80.0,48.833333333333336,4.0,3.0,4.0,1.0,0.0,2.0,1.0
jbv 2 C 6 2022,KSV4ZLZ,2,C,3.0,66.0,15.0,62.0,73.0,73.0,48.666666666666664,4.0,1.0,3.0,2.0,1.0,4.0,3.0
jbv 2 C 7 2022,29OHBEW,2,C,75.0,45.0,38.0,33.0,44.0,28.0,43.833333333333336,2.0,1.0,0.0,3.0,0.0,3.0,4.0
jbv 2 C 8 2022,GAEKPL3,2,C,67.0,10.0,70.0,67.0,29.0,99.0,57.0,4.0,4.0,3.0,4.0,0.0,4.0,0.0
jbv 2 C 9 2022,VWIRRTK,2,C,27.0,83.0,66.0,3.0,71.0,60.0,51.666666666666664,1.0,0.0,3.0,1.0,4.0,3.0,3.0
jbv 2 C 10 2022,YYVEH6F,2,C,55.0,90.0,85.0,66.0,46.0,72.0,69.0,1.0,2.0,0.0,1.0,3.0,2.0,4.0
jbv 2 D 1 2022,KNXX178,2,D,75.0,7.0,4.0,12.0,90.0,65.0,42.166666666666664,0.0,0.0,3.0,3.0,4.0,0.0,1.0
jbv 2 D 2 2022,MSSTBF1,2,D,22.0,40.0,93.0,46.0,93.0,52.0,57.666666666666664,2.0,1.0,1.0,0.0,3.0,3.0,0.0
jbv 2 D 3 2022,0C2Y5HT,2,D,96.0,70.0,28.0,0.0,33.0,43.0,45.0,4.0,3.0,0.0,0.0,1.0,3.0,2.0
jbv 2 D 4 2022,68U0PX8,2,D,19.0,31.0,68.0,35.0,23.0,56.0,38.666666666666664,3.0,2.0,2.0,1.0,2.0,1.0,1.0
jbv 2 D 5 2022,156GMMA,2,D,9.0,41.0,70.0,5.0,56.0,93.0,45.666666666666664,4.0,4.0,2.0,3.0,0.0,2.0,2.0
jbv 2 D 6 2022,WY17B67,2,D,53.0,37.0,67.0,7.0,39.0,48.0,41.833333333333336,4.0,3.0,4.0,3.0,0.0,3.0,2.0
jbv 2 D 7 2022,MVZNRCX,2,D,54.0,20.0,82.0,15.0,54.0,6.0,38.5,1.0,2.0,2.0,2.0,2.0,4.0,4.0
jbv 2 D 8 2022,IVGRKY7,2,D,36.0,20.0,21.0,76.0,0.0,73.0,37.666666666666664,4.0,3.0,0.0,3.0,1.0,0.0,4.0
jbv 2 D 9 2022,RFOXT45,2,D,87.0,67.0,8.0,96.0,41.0,70.0,61.5,3.0,4.0,0.0,0.0,1.0,3.0,4.0
jbv 2 D 10 2022,DHRF8UY,2,D,5.0,73.0,7.0,67.0,82.0,24.0,43.0,3.0,4.0,0.0,0.0,1.0,0.0,1.0
jbv 3 A 1 2022,3Q5G0RE,3,A,58.0,36.0,6.0,54.0,71.0,91.0,52.666666666666664,3.0,0.0,0.0,2.0,2.0,2.0,0.0
jbv 3 A 2 2022,SGIM2KF,3,A,12.0,22.0,27.0,65.0,41.0,70.0,39.5,2.0,2.0,2.0,0.0,4.0,0.0,2.0
jbv 3 A 3 2022,QL0OBDB,3,A,8.0,36.0,41.0,60.0,98.0,48.0,48.5,1.0,0.0,0.0,0.0,0.0,1.0,0.0
jbv 3 A 4 2022,MMQFT8Q,3,A,63.0,31.0,40.0,31.0,5.0,18.0,31.333333333333332,1.0,2.0,3.0,2.0,0.0,2.0,4.0
jbv 3 A 5 2022,VCKBHNW,3,A,87.0,98.0,26.0,6.0,31.0,46.0,49.0,1.0,3.0,1.0,1.0,1.0,0.0,0.0
jbv 3 A 6 2022,1LTC8M8,3,A,27.0,86.0,95.0,8.0,68.0,88.0,62.0,0.0,0.0,3.0,0.0,4.0,0.0,2.0
jbv 3 A 7 2022,KLIAMPD,3,A,98.0,43.0,53.0,41.0,83.0,69.0,64.5,1.0,4.0,2.0,2.0,1.0,0.0,2.0
jbv 3 A 8 2022,L4DW4WX,3,A,42.0,77.0,82.0,27.0,20.0,56.0,50.666666666666664,0.0,1.0,2.0,0.0,0.0,3.0,2.0
jbv 3 A 9 2022,0QPRX0M,3,A,69.0,44.0,88.0,2.0,93.0,87.0,63.833333333333336,0.0,0.0,0.0,2.0,0.0,3.0,0.0
jbv 3 A 10 2022,M6H1WRG,3,A,2.0,24.0,61.0,83.0,31.0,68.0,44.833333333333336,0.0,1.0,4.0,4.0,3.0,4.0,3.0
jbv 3 B 1 2022,FMDF9JW,3,B,8.0,43.0,70.0,27.0,67.0,93.0,51.333333333333336,0.0,3.0,1.0,2.0,1.0,0.0,3.0
jbv 3 B 2 2022,BX8G02Q,3,B,82.0,0.0,61.0,2.0,67.0,77.0,48.166666666666664,0.0,2.0,2.0,2.0,1.0,1.0,0.0
jbv 3 B 3 2022,3EGBFZQ,3,B,22.0,47.0,48.0,95.0,28.0,49.0,48.166666666666664,3.0,1.0,1.0,0.0,1.0,3.0,3.0
jbv 3 B 4 2022,127DNU7,3,B,38.0,49.0,86.0,3.0,38.0,61.0,45.833333333333336,0.0,3.0,0.0,3.0,4.0,2.0,0.0
jbv 3 B 5 2022,BP1IOP9,3,B,71.0,47.0,79.0,24.0,25.0,25.0,45.166666666666664,3.0,4.0,4.0,4.0,2.0,4.0,3.0
jbv 3 B 6 2022,MS42MFM,3,B,26.0,18.0,66.0,5.0,80.0,82.0,46.166666666666664,2.0,1.0,2.0,3.0,1.0,3.0,2.0
jbv 3 B 7 2022,DEUXTNX,3,B,6.0,20.0,22.0,25.0,5.0,31.0,18.166666666666668,3.0,2.0,4.0,3.0,1.0,4.0,0.0
jbv 3 B 8 2022,16KTVTA,3,B,78.0,92.0,59.0,11.0,74.0,80.0,65.66666666666667,2.0,1.0,4.0,0.0,4.0,3.0,1.0
jbv 3 B 9 2022,WUEQ6WO,3,B,57.0,73.0,31.0,52.0,53.0,53.0,53.166666666666664,3.0,2.0,4.0,0.0,1.0,2.0,4.0
jbv 3 B 10 2022,OAQHPOX,3,B,96.0,54.0,44.0,84.0,78.0,13.0,61.5,0.0,3.0,0.0,0.0,1.0,2.0,1.0
jbv 3 C 1 2022,MHX0O9Y,3,C,63.0,45.0,45.0,60.0,78.0,34.0,54.166666666666664,0.0,4.0,2.0,1.0,4.0,3.0,3.0
jbv 3 C 2 2022,K9HUXIH,3,C,21.0,44.0,30.0,80.0,42.0,49.0,44.333333333333336,0.0,0.0,1.0,3.0,3.0,1.0,1.0
jbv 3 C 3 2022,R3KSSRJ,3,C,74.0,61.0,36.0,35.0,66.0,68.0,56.666666666666664,0.0,4.0,0.0,0.0,0.0,3.0,3.0
jbv 3 C 4 2022,V6852M7,3,C,6.0,72.0,32.0,91.0,79.0,45.0,54.166666666666664,3.0,1.0,3.0,1.0,0.0,2.0,2.0
jbv 3 C 5 2022,0IP2YHF,3,C,89.0,40.0,73.0,16.0,82.0,75.0,62.5,1.0,3.0,3.0,2.0,0.0,2.0,2.0
jbv 3 C 6 2022,N77B714,3,C,81.0,84.0,95.0,58.0,45.0,82.0,74.16666666666667,4.0,1.0,1.0,3.0,4.0,1.0,2.0
jbv 3 C 7 2022,NXG51K8,3,C,46.0,1.0,93.0,80.0,48.0,71.0,56.5,2.0,4.0,3.0,0.0,0.0,1.0,3.0
jbv 3 C 8 2022,ESGYK6I,3,C,42.0,57.0,66.0,14.0,52.0,89.0,53.333333333333336,4.0,4.0,2.0,2.0,2.0,4.0,2.0
jbv 3 C 9 2022,ZV83O40,3,C,23.0,89.0,93.0,77.0,60.0,13.0,59.166666666666664,2.0,1.0,3.0,2.0,4.0,0.0,4.0
jbv 3 C 10 2022,9MBTGGG,3,C,62.0,88.0,94.0,99.0,49.0,56.0,74.66666666666667,2.0,3.0,2.0,3.0,4.0,4.0,4.0
jbv 3 D 1 2022,GLUKMFY,3,D,77.0,52.0,5.0,87.0,62.0,80.0,60.5,0.0,2.0,1.0,3.0,3.0,3.0,3.0
jbv 3 D 2 2022,J6AAN6W,3,D,22.0,46.0,33.0,88.0,7.0,16.0,35.333333333333336,3.0,3.0,0.0,1.0,3.0,4.0,2.0
jbv 3 D 3 2022,MXL06D4,3,D,72.0,63.0,43.0,38.0,6.0,39.0,43.5,0.0,3.0,0.0,1.0,4.0,0.0,2.0
jbv 3 D 4 2022,RIT2LYG,3,D,81.0,75.0,93.0,85.0,12.0,96.0,73.66666666666667,3.0,0.0,3.0,2.0,1.0,1.0,0.0
jbv 3 D 5 2022,ENUSN0F,3,D,66.0,4.0,24.0,7.0,3.0,20.0,20.666666666666668,0.0,3.0,1.0,3.0,4.0,0.0,2.0
jbv 3 D 6 2022,34XZOQE,3,D,7.0,90.0,32.0,42.0,76.0,70.0,52.833333333333336,1.0,1.0,0.0,2.0,3.0,1.0,0.0
jbv 3 D 7 2022,957QT0K,3,D,8.0,33.0,70.0,0.0,17.0,35.0,27.166666666666668,0.0,0.0,1.0,2.0,0.0,3.0,2.0
jbv 3 D 8 2022,ZAHX6CH,3,D,92.0,28.0,75.0,75.0,49.0,7.0,54.333333333333336,3.0,3.0,3.0,2.0,0.0,4.0,1.0
jbv 3 D 9 2022,ZL51696,3,D,29.0,93.0,16.0,0.0,96.0,51.0,47.5,3.0,2.0,2.0,1.0,1.0,1.0,0.0
jbv 3 D 10 2022,9QP66R3,3,D,43.0,56.0,64.0,70.0,23.0,72.0,54.666666666666664,2.0,1.0,1.0,4.0,3.0,0.0,3.0
jbv 4 A 1 2022,LT2Z6YM,4,A,6.0,0.0,12.0,96.0,11.0,99.0,37.333333333333336,1.0,4.0,1.0,2.0,2.0,4.0,1.0
jbv 4 A 2 2022,CHEONXR,4,A,69.0,68.0,52.0,26.0,14.0,86.0,52.5,0.0,4.0,4.0,4.0,1.0,0.0,0.0
jbv 4 A 3 2022,W9AXXIF,4,A,92.0,8.0,24.0,64.0,54.0,5.0,41.166666666666664,0.0,3.0,1.0,0.0,2.0,2.0,2.0
jbv 4 A 4 2022,DAXN5P7,4,A,60.0,15.0,90.0,25.0,46.0,46.0,47.0,0.0,1.0,0.0,0.0,1.0,1.0,1.0
jbv 4 A 5 2022,7KFYJOO,4,A,91.0,82.0,57.0,81.0,84.0,2.0,66.16666666666667,0.0,2.0,3.0,1.0,0.0,4.0,4.0
jbv 4 A 6 2022,OF82HT5,4,A,34.0,87.0,99.0,44.0,37.0,62.0,60.5,0.0,2.0,3.0,3.0,1.0,4.0,1.0
jbv 4 A 7 2022,U4GUMFV,4,A,11.0,60.0,99.0,72.0,81.0,82.0,67.5,1.0,0.0,1.0,0.0,0.0,4.0,0.0
jbv 4 A 8 2022,EPRUHZ6,4,A,27.0,92.0,28.0,71.0,57.0,98.0,62.166666666666664,4.0,3.0,4.0,0.0,4.0,3.0,2.0
jbv 4 A 9 2022,HGM6983,4,A,50.0,36.0,29.0,19.0,2.0,45.0,30.166666666666668,4.0,1.0,1.0,4.0,2.0,0.0,3.0
jbv 4 A 10 2022,M8C57BJ,4,A,87.0,16.0,19.0,17.0,10.0,71.0,36.666666666666664,1.0,4.0,2.0,1.0,0.0,4.0,3.0
jbv 4 B 1 2022,8ES6QUA,4,B,86.0,27.0,14.0,46.0,6.0,36.0,35.833333333333336,4.0,0.0,4.0,2.0,4.0,4.0,1.0
jbv 4 B 2 2022,SNTUA9Y,4,B,90.0,11.0,63.0,20.0,69.0,18.0,45.166666666666664,1.0,2.0,1.0,2.0,4.0,0.0,0.0
jbv 4 B 3 2022,7G0YS7J,4,B,20.0,63.0,54.0,25.0,20.0,43.0,37.5,4.0,4.0,0.0,2.0,4.0,1.0,1.0
jbv 4 B 4 2022,A6J884V,4,B,76.0,96.0,83.0,67.0,11.0,99.0,72.0,4.0,1.0,4.0,2.0,4.0,1.0,0.0
jbv 4 B 5 2022,V3B50US,4,B,16.0,64.0,2.0,34.0,89.0,20.0,37.5,1.0,0.0,1.0,0.0,3.0,0.0,2.0
jbv 4 B 6 2022,JJIDNAS,4,B,46.0,9.0,30.0,7.0,26.0,57.0,29.166666666666668,3.0,0.0,4.0,0.0,0.0,0.0,3.0
jbv 4 B 7 2022,4UHL9GK,4,B,22.0,2.0,13.0,56.0,58.0,31.0,30.333333333333332,3.0,3.0,2.0,1.0,2.0,4.0,0.0
jbv 4 B 8 2022,739C54R,4,B,89.0,83.0,1.0,85.0,55.0,93.0,67.66666666666667,3.0,3.0,1.0,2.0,3.0,1.0,2.0
jbv 4 B 9 2022,0RMIMBU,4,B,72.0,3.0,93.0,54.0,28.0,42.0,48.666666666666664,1.0,1.0,3.0,0.0,2.0,2.0,3.0
jbv 4 B 10 2022,2ULUQ27,4,B,43.0,70.0,92.0,57.0,58.0,55.0,62.5,3.0,3.0,3.0,4.0,3.0,4.0,3.0
jbv 4 C 1 2022,A9M8AZZ,4,C,91.0,29.0,78.0,68.0,65.0,11.0,57.0,3.0,3.0,4.0,3.0,4.0,4.0,4.0
jbv 4 C 2 2022,Z2FPSOU,4,C,86.0,53.0,58.0,48.0,90.0,41.0,62.666666666666664,1.0,4.0,4.0,1.0,4.0,0.0,4.0
jbv 4 C 3 2022,3000XYG,4,C,11.0,11.0,7.0,46.0,19.0,99.0,32.166666666666664,3.0,1.0,0.0,1.0,0.0,4.0,2.0
jbv 4 C 4 2022,OT4S0R3,4,C,43.0,37.0,45.0,59.0,79.0,16.0,46.5,1.0,4.0,1.0,1.0,0.0,2.0,2.0
jbv 4 C 5 2022,RGMSQ7C,4,C,40.0,13.0,59.0,30.0,25.0,60.0,37.833333333333336,3.0,4.0,1.0,4.0,4.0,2.0,1.0
jbv 4 C 6 2022,S4ULCZV,4,C,27.0,73.0,83.0,35.0,53.0,51.0,53.666666666666664,3.0,3.0,4.0,2.0,0.0,0.0,4.0
jbv 4 C 7 2022,EM3K29S,4,C,92.0,17.0,99.0,69.0,58.0,87.0,70.33333333333333,1.0,3.0,1.0,3.0,1.0,1.0,0.0
jbv 4 C 8 2022,J5XV5GY,4,C,19.0,48.0,27.0,47.0,3.0,10.0,25.666666666666668,0.0,2.0,4.0,4.0,4.0,4.0,1.0
jbv 4 C 9 2022,NZ1BZO8,4,C,33.0,95.0,87.0,83.0,69.0,32.0,66.5,1.0,4.0,0.0,3.0,0.0,3.0,3.0
jbv 4 C 10 2022,R8R36V9,4,C,70.0,70.0,77.0,54.0,84.0,13.0,61.333333333333336,4.0,1.0,0.0,4.0,0.0,3.0,3.0
jbv 4 D 1 2022,RE7UOUV,4,D,74.0,68.0,32.0,80.0,40.0,19.0,52.166666666666664,3.0,1.0,1.0,3.0,4.0,3.0,0.0
jbv 4 D 2 2022,T2T688O,4,D,73.0,84.0,67.0,9.0,0.0,20.0,42.166666666666664,4.0,1.0,0.0,0.0,1.0,3.0,1.0
jbv 4 D 3 2022,VY0K34I,4,D,78.0,73.0,91.0,65.0,4.0,25.0,56.0,0.0,4.0,3.0,0.0,3.0,2.0,1.0
jbv 4 D 4 2022,ANY0E3G,4,D,73.0,89.0,61.0,5.0,22.0,66.0,52.666666666666664,3.0,2.0,1.0,3.0,2.0,4.0,0.0
jbv 4 D 5 2022,OFTGCC7,4,D,90.0,18.0,97.0,68.0,59.0,62.0,65.66666666666667,3.0,1.0,2.0,4.0,2.0,3.0,1.0
jbv 4 D 6 2022,G1LLMOX,4,D,19.0,13.0,14.0,99.0,24.0,23.0,32.0,3.0,4.0,3.0,1.0,4.0,2.0,4.0
jbv 4 D 7 2022,OIYY2UG,4,D,20.0,25.0,86.0,3.0,3.0,68.0,34.166666666666664,2.0,0.0,0.0,4.0,4.0,1.0,0.0
jbv 4 D 8 2022,EXMV5AJ,4,D,18.0,65.0,99.0,10.0,3.0,84.0,46.5,3.0,4.0,3.0,3.0,1.0,2.0,1.0
jbv 4 D 9 2022,VPJ2G6D,4,D,33.0,85.0,50.0,29.0,67.0,6.0,45.0,0.0,4.0,2.0,2.0,3.0,3.0,1.0
jbv 4 D 10 2022,UJ95F6N,4,D,65.0,28.0,95.0,44.0,97.0,71.0,66.66666666666667,1.0,0.0,4.0,0.0,3.0,3.0,4.0
jbv 5 A 1 2022,QMO939Z,5,A,47.0,84.0,56.0,13.0,66.0,79.0,57.5,4.0,2.0,1.0,3.0,3.0,2.0,2.0
jbv 5 A 2 2022,UKPA858,5,A,52.0,24.0,69.0,82.0,22.0,10.0,43.166666666666664,0.0,4.0,1.0,3.0,2.0,3.0,0.0
jbv 5 A 3 2022,LRK2XEA,5,A,11.0,66.0,18.0,66.0,37.0,47.0,40.833333333333336,2.0,1.0,2.0,3.0,1.0,0.0,2.0
jbv 5 A 4 2022,RR7GPOS,5,A,96.0,16.0,66.0,12.0,74.0,55.0,53.166666666666664,4.0,2.0,0.0,3.0,2.0,3.0,3.0
jbv 5 A 5 2022,N2SUBRL,5,A,93.0,51.0,75.0,76.0,69.0,98.0,77.0,4.0,3.0,0.0,2.0,3.0,0.0,4.0
jbv 5 A 6 2022,VNCZ950,5,A,15.0,38.0,93.0,55.0,48.0,69.0,53.0,0.0,3.0,0.0,3.0,0.0,1.0,2.0
jbv 5 A 7 2022,3S23ZFU,5,A,50.0,62.0,22.0,66.0,7.0,79.0,47.666666666666664,0.0,2.0,0.0,1.0,0.0,4.0,4.0
jbv 5 A 8 2022,JYDLNZO,5,A,40.0,65.0,67.0,87.0,92.0,10.0,60.166666666666664,3.0,4.0,4.0,4.0,1.0,3.0,2.0
jbv 5 A 9 2022,GZ2XNA0,5,A,32.0,27.0,66.0,81.0,52.0,41.0,49.833333333333336,4.0,2.0,2.0,0.0,2.0,4.0,1.0
jbv 5 A 10 2022,UZRKWMD,5,A,29.0,47.0,41.0,5.0,6.0,72.0,33.333333333333336,1.0,2.0,4.0,0.0,2.0,2.0,1.0
jbv 5 B 1 2022,LQT5R1V,5,B,69.0,23.0,13.0,92.0,44.0,82.0,53.833333333333336,2.0,3.0,0.0,3.0,2.0,3.0,3.0
jbv 5 B 2 2022,LE26XLD,5,B,98.0,55.0,48.0,64.0,99.0,49.0,68.83333333333333,1.0,0.0,3.0,4.0,1.0,3.0,4.0
jbv 5 B 3 2022,N6BP4EN,5,B,63.0,25.0,78.0,43.0,3.0,22.0,39.0,1.0,4.0,2.0,0.0,2.0,1.0,0.0
jbv 5 B 4 2022,8D4EDUN,5,B,48.0,4.0,3.0,14.0,75.0,19.0,27.166666666666668,0.0,4.0,1.0,1.0,1.0,2.0,1.0
jbv 5 B 5 2022,24UWTZV,5,B,77.0,32.0,72.0,13.0,16.0,91.0,50.166666666666664,3.0,1.0,0.0,2.0,0.0,4.0,3.0
jbv 5 B 6 2022,7R8DXN6,5,B,47.0,65.0,89.0,15.0,56.0,26.0,49.666666666666664,2.0,4.0,2.0,3.0,4.0,0.0,3.0
jbv 5 B 7 2022,V5XOJXT,5,B,90.0,25.0,15.0,35.0,4.0,91.0,43.333333333333336,2.0,2.0,0.0,2.0,2.0,3.0,1.0
jbv 5 B 8 2022,339IX5Z,5,B,12.0,70.0,79.0,61.0,67.0,55.0,57.333333333333336,4.0,3.0,1.0,3.0,3.0,0.0,4.0
jbv 5 B 9 2022,5IH1456,5,B,34.0,9.0,47.0,26.0,46.0,91.0,42.166666666666664,2.0,2.0,3.0,1.0,4.0,3.0,2.0
jbv 5 B 10 2022,EE3B13P,5,B,78.0,77.0,11.0,84.0,66.0,85.0,66.83333333333333,3.0,2.0,4.0,1.0,3.0,1.0,0.0
jbv 5 C 1 2022,HZMAOL9,5,C,40.0,25.0,77.0,46.0,62.0,10.0,43.333333333333336,4.0,2.0,1.0,1.0,2.0,4.0,2.0
jbv 5 C 2 2022,5X38BJZ,5,C,39.0,75.0,49.0,43.0,9.0,50.0,44.166666666666664,2.0,4.0,1.0,3.0,3.0,3.0,4.0
jbv 5 C 3 2022,GSQXNXQ,5,C,69.0,65.0,52.0,83.0,50.0,85.0,67.33333333333333,4.0,2.0,2.0,3.0,2.0,0.0,4.0
jbv 5 C 4 2022,QO5BEMR,5,C,70.0,71.0,41.0,2.0,61.0,90.0,55.833333333333336,1.0,3.0,4.0,0.0,4.0,4.0,2.0
jbv 5 C 5 2022,FA2RAHM,5,C,32.0,27.0,51.0,67.0,26.0,72.0,45.833333333333336,0.0,0.0,1.0,1.0,3.0,4.0,2.0
jbv 5 C 6 2022,ERM1SBP,5,C,82.0,25.0,23.0,61.0,86.0,65.0,57.0,4.0,0.0,1.0,3.0,3.0,1.0,2.0
jbv 5 C 7 2022,3NCU13I,5,C,71.0,34.0,43.0,59.0,86.0,27.0,53.333333333333336,4.0,3.0,3.0,0.0,4.0,3.0,1.0
jbv 5 C 8 2022,1WBNJYH,5,C,46.0,66.0,39.0,75.0,35.0,87.0,58.0,1.0,3.0,3.0,3.0,0.0,2.0,2.0
jbv 5 C 9 2022,HKPZLAD,5,C,22.0,7.0,63.0,50.0,22.0,24.0,31.333333333333332,1.0,3.0,2.0,3.0,3.0,2.0,2.0
jbv 5 C 10 2022,MFHCI5A,5,C,15.0,86.0,9.0,75.0,7.0,42.0,39.0,4.0,2.0,3.0,1.0,3.0,1.0,1.0
jbv 5 D 1 2022,NO6DNJR,5,D,82.0,38.0,2.0,11.0,40.0,59.0,38.666666666666664,1.0,3.0,1.0,3.0,4.0,1.0,4.0
jbv 5 D 2 2022,A747EIK,5,D,13.0,36.0,90.0,73.0,31.0,36.0,46.5,4.0,0.0,3.0,1.0,4.0,2.0,4.0
jbv 5 D 3 2022,EELHIL9,5,D,43.0,82.0,25.0,8.0,28.0,44.0,38.333333333333336,4.0,2.0,2.0,3.0,2.0,4.0,3.0
jbv 5 D 4 2022,1J14MF6,5,D,15.0,52.0,11.0,49.0,19.0,73.0,36.5,2.0,3.0,1.0,2.0,4.0,2.0,4.0
jbv 5 D 5 2022,CNDFOTY,5,D,86.0,37.0,88.0,60.0,60.0,92.0,70.5,2.0,0.0,4.0,3.0,2.0,3.0,4.0
jbv 5 D 6 2022,5WSGWNA,5,D,57.0,61.0,47.0,42.0,55.0,22.0,47.333333333333336,1.0,0.0,0.0,0.0,4.0,3.0,4.0
jbv 5 D 7 2022,ES470OA,5,D,23.0,76.0,47.0,34.0,56.0,0.0,39.333333333333336,2.0,1.0,0.0,0.0,0.0,4.0,4.0
jbv 5 D 8 2022,PM7OC8U,5,D,13.0,98.0,44.0,14.0,98.0,52.0,53.166666666666664,1.0,2.0,4.0,2.0,0.0,2.0,0.0
jbv 5 D 9 2022,CN4GMMF,5,D,29.0,6.0,77.0,8.0,41.0,71.0,38.666666666666664,3.0,0.0,3.0,3.0,2.0,1.0,4.0
jbv 5 D 10 2022,16H3K4J,5,D,47.0,15.0,92.0,9.0,21.0,50.0,39.0,1.0,2.0,0.0,4.0,0.0,4.0,1.0
jbv 6 A 1 2022,9OF2DID,6,A,77.0,34.0,99.0,22.0,83.0,90.0,67.5,2.0,2.0,3.0,1.0,4.0,4.0,2.0
jbv 6 A 2 2022,N3XN1G2,6,A,48.0,38.0,2.0,13.0,38.0,67.0,34.333333333333336,3.0,0.0,4.0,2.0,1.0,3.0,1.0
jbv 6 A 3 2022,UTZQO4C,6,A,94.0,10.0,86.0,46.0,33.0,95.0,60.666666666666664,1.0,2.0,2.0,3.0,3.0,3.0,0.0
jbv 6 A 4 2022,JQEKCMQ,6,A,33.0,31.0,7.0,28.0,27.0,15.0,23.5,0.0,2.0,1.0,4.0,4.0,1.0,2.0
jbv 6 A 5 2022,DNGYC04,6,A,1.0,7.0,2.0,15.0,0.0,75.0,16.666666666666668,1.0,4.0,0.0,4.0,3.0,4.0,2.0
jbv 6 A 6 2022,Y0XHW48,6,A,4.0,40.0,89.0,52.0,75.0,31.0,48.5,1.0,0.0,3.0,0.0,3.0,0.0,2.0
jbv 6 A 7 2022,LLUTR1T,6,A,76.0,32.0,50.0,55.0,84.0,52.0,58.166666666666664,4.0,0.0,0.0,2.0,0.0,4.0,0.0
jbv 6 A 8 2022,QPNQ3TK,6,A,19.0,45.0,94.0,28.0,34.0,8.0,38.0,3.0,4.0,1.0,1.0,2.0,3.0,0.0
jbv 6 A 9 2022,9HUFRYX,6,A,47.0,91.0,8.0,88.0,97.0,78.0,68.16666666666667,1.0,4.0,4.0,3.0,0.0,2.0,0.0
jbv 6 A 10 2022,TUW1OUC,6,A,59.0,94.0,0.0,98.0,79.0,61.0,65.16666666666667,1.0,2.0,2.0,3.0,0.0,2.0,2.0
jbv 6 B 1 2022,U4G4FSY,6,B,43.0,95.0,34.0,69.0,2.0,50.0,48.833333333333336,0.0,3.0,3.0,2.0,3.0,4.0,1.0
jbv 6 B 2 2022,UDMUOBW,6,B,94.0,1.0,52.0,37.0,72.0,87.0,57.166666666666664,2.0,1.0,0.0,1.0,0.0,1.0,0.0
jbv 6 B 3 2022,72DY11L,6,B,84.0,47.0,39.0,48.0,6.0,47.0,45.166666666666664,3.0,1.0,3.0,4.0,3.0,2.0,4.0
jbv 6 B 4 2022,PHYSHG2,6,B,82.0,38.0,42.0,64.0,98.0,98.0,70.33333333333333,3.0,4.0,0.0,3.0,3.0,0.0,3.0
jbv 6 B 5 2022,HL2CSEJ,6,B,18.0,79.0,31.0,12.0,25.0,96.0,43.5,0.0,0.0,3.0,4.0,1.0,1.0,0.0
jbv 6 B 6 2022,TKN1FAS,6,B,94.0,12.0,59.0,14.0,45.0,72.0,49.333333333333336,1.0,3.0,0.0,2.0,0.0,0.0,3.0
jbv 6 B 7 2022,A519ZTX,6,B,53.0,87.0,10.0,43.0,96.0,23.0,52.0,3.0,3.0,0.0,2.0,4.0,1.0,1.0
jbv 6 B 8 2022,QYYTQ7E,6,B,60.0,28.0,39.0,59.0,43.0,26.0,42.5,1.0,2.0,0.0,3.0,2.0,1.0,1.0
jbv 6 B 9 2022,R7JF8BU,6,B,83.0,96.0,87.0,77.0,21.0,23.0,64.5,2.0,4.0,3.0,2.0,2.0,0.0,0.0
jbv 6 B 10 2022,PUEW254,6,B,81.0,74.0,61.0,52.0,1.0,49.0,53.0,1.0,1.0,2.0,2.0,2.0,1.0,0.0
jbv 6 C 1 2022,W5R41U0,6,C,73.0,15.0,71.0,72.0,38.0,94.0,60.5,4.0,1.0,1.0,0.0,0.0,0.0,1.0
jbv 6 C 2 2022,KFD8SKY,6,C,24.0,37.0,36.0,46.0,8.0,44.0,32.5,3.0,0.0,2.0,3.0,1.0,4.0,2.0
jbv 6 C 3 2022,APNO9IF,6,C,38.0,53.0,67.0,28.0,14.0,42.0,40.333333333333336,0.0,3.0,3.0,2.0,0.0,2.0,0.0
jbv 6 C 4 2022,CU6ODGE,6,C,85.0,56.0,99.0,67.0,58.0,61.0,71.0,4.0,0.0,0.0,2.0,1.0,4.0,0.0
jbv 6 C 5 2022,0C95WMB,6,C,55.0,89.0,57.0,65.0,62.0,66.0,65.66666666666667,1.0,3.0,4.0,3.0,4.0,1.0,1.0
jbv 6 C 6 2022,KXLJHA2,6,C,70.0,28.0,15.0,86.0,35.0,93.0,54.5,2.0,3.0,2.0,1.0,1.0,2.0,1.0
jbv 6 C 7 2022,A3T1XHT,6,C,97.0,42.0,58.0,68.0,66.0,93.0,70.66666666666667,3.0,0.0,4.0,2.0,0.0,1.0,4.0
jbv 6 C 8 2022,YRKHV8J,6,C,5.0,66.0,0.0,81.0,44.0,62.0,43.0,1.0,4.0,0.0,2.0,4.0,4.0,3.0
jbv 6 C 9 2022,QZ4Y36E,6,C,13.0,3.0,42.0,94.0,11.0,55.0,36.333333333333336,0.0,2.0,2.0,4.0,4.0,2.0,0.0
jbv 6 C 10 2022,0US3SOO,6,C,44.0,36.0,18.0,29.0,84.0,96.0,51.166666666666664,0.0,2.0,4.0,4.0,4.0,0.0,2.0
jbv 6 D 1 2022,B0WUVJN,6,D,8.0,36.0,81.0,44.0,70.0,17.0,42.666666666666664,0.0,0.0,1.0,2.0,2.0,4.0,0.0
jbv 6 D 2 2022,HPZAZ7T,6,D,48.0,46.0,28.0,6.0,93.0,79.0,50.0,2.0,4.0,3.0,2.0,1.0,4.0,4.0
jbv 6 D 3 2022,R1ONB8W,6,D,55.0,91.0,74.0,81.0,22.0,82.0,67.5,4.0,3.0,1.0,2.0,3.0,2.0,0.0
jbv 6 D 4 2022,YK95ZGY,6,D,87.0,93.0,99.0,29.0,28.0,4.0,56.666666666666664,1.0,3.0,3.0,2.0,4.0,2.0,4.0
jbv 6 D 5 2022,75ETZ1M,6,D,1.0,30.0,7.0,80.0,62.0,0.0,30.0,1.0,3.0,1.0,3.0,1.0,3.0,0.0
jbv 6 D 6 2022,BB224ZD,6,D,58.0,5.0,3.0,8.0,73.0,4.0,25.166666666666668,2.0,1.0,4.0,0.0,2.0,0.0,0.0
jbv 6 D 7 2022,GPJ7ASD,6,D,21.0,64.0,25.0,7.0,62.0,63.0,40.333333333333336,2.0,1.0,0.0,4.0,2.0,2.0,4.0
jbv 6 D 8 2022,TU5KAUG,6,D,57.0,4.0,18.0,66.0,77.0,38.0,43.333333333333336,0.0,4.0,1.0,3.0,0.0,2.0,1.0
jbv 6 D 9 2022,DOX4MH9,6,D,59.0,30.0,66.0,4.0,19.0,8.0,31.0,0.0,3.0,2.0,3.0,2.0,3.0,1.0
jbv 6 D 10 2022,3SJ7604,6,D,64.0,2.0,91.0,74.0,73.0,30.0,55.666666666666664,2.0,0.0,1.0,4.0,2.0,1.0,1.0
jbv 7 A 1 2022,T7WJ2E6,7,A,18.0,76.0,2.0,19.0,16.0,13.0,24.0,2.0,3.0,3.0,0.0,3.0,2.0,0.0
jbv 7 A 2 2022,46IRIOF,7,A,83.0,13.0,55.0,19.0,85.0,35.0,48.333333333333336,4.0,4.0,2.0,0.0,0.0,0.0,3.0
jbv 7 A 3 2022,KHRX3GX,7,A,94.0,64.0,50.0,12.0,6.0,26.0,42.0,0.0,4.0,1.0,2.0,4.0,4.0,4.0
jbv 7 A 4 2022,6U7GOJT,7,A,38.0,69.0,38.0,91.0,82.0,62.0,63.333333333333336,1.0,4.0,0.0,4.0,1.0,1.0,3.0
jbv 7 A 5 2022,6F7E3I9,7,A,24.0,61.0,60.0,59.0,71.0,54.0,54.833333333333336,1.0,1.0,3.0,2.0,2.0,2.0,0.0
jbv 7 A 6 2022,XOGCEGQ,7,A,5.0,73.0,48.0,50.0,78.0,11.0,44.166666666666664,4.0,0.0,3.0,2.0,4.0,2.0,0.0
jbv 7 A 7 2022,VY7BAX3,7,A,86.0,80.0,60.0,22.0,1.0,94.0,57.166666666666664,3.0,4.0,0.0,4.0,1.0,2.0,0.0
jbv 7 A 8 2022,RERDC7P,7,A,14.0,6.0,32.0,14.0,97.0,31.0,32.333333333333336,0.0,1.0,2.0,2.0,4.0,3.0,2.0
jbv 7 A 9 2022,PG5F6AD,7,A,10.0,3.0,78.0,14.0,43.0,69.0,36.166666666666664,2.0,2.0,2.0,3.0,2.0,2.0,1.0
jbv 7 A 10 2022,LTL4S4L,7,A,77.0,28.0,55.0,7.0,60.0,23.0,41.666666666666664,0.0,1.0,4.0,0.0,1.0,0.0,4.0
jbv 7 B 1 2022,KSL2CQP,7,B,23.0,90.0,83.0,15.0,65.0,33.0,51.5,0.0,4.0,0.0,1.0,4.0,1.0,1.0
jbv 7 B 2 2022,PVCEJFF,7,B,14.0,10.0,75.0,74.0,46.0,44.0,43.833333333333336,4.0,4.0,1.0,1.0,0.0,4.0,0.0
jbv 7 B 3 2022,P8HSNSU,7,B,33.0,10.0,53.0,24.0,29.0,70.0,36.5,2.0,1.0,0.0,1.0,1.0,2.0,2.0
jbv 7 B 4 2022,LR640J6,7,B,49.0,35.0,11.0,28.0,21.0,6.0,25.0,2.0,0.0,2.0,2.0,0.0,3.0,3.0
jbv 7 B 5 2022,EXJOHHC,7,B,62.0,97.0,75.0,56.0,11.0,27.0,54.666666666666664,3.0,3.0,4.0,3.0,4.0,4.0,3.0
jbv 7 B 6 2022,GA2IHXP,7,B,73.0,25.0,85.0,70.0,20.0,41.0,52.333333333333336,3.0,3.0,2.0,4.0,2.0,2.0,3.0
jbv 7 B 7 2022,HGFO5NM,7,B,63.0,22.0,90.0,6.0,69.0,0.0,41.666666666666664,0.0,2.0,0.0,1.0,1.0,1.0,3.0
jbv 7 B 8 2022,9T7O4S7,7,B,25.0,17.0,75.0,29.0,43.0,36.0,37.5,0.0,1.0,2.0,2.0,4.0,1.0,2.0
jbv 7 B 9 2022,A4XXTK5,7,B,70.0,19.0,54.0,87.0,73.0,88.0,65.16666666666667,2.0,3.0,4.0,2.0,3.0,1.0,4.0
jbv 7 B 10 2022,8YSCBAZ,7,B,31.0,40.0,35.0,50.0,82.0,17.0,42.5,4.0,0.0,2.0,1.0,1.0,1.0,1.0
jbv 7 C 1 2022,VWVPCQH,7,C,39.0,90.0,45.0,36.0,36.0,92.0,56.333333333333336,1.0,4.0,1.0,0.0,3.0,1.0,1.0
jbv 7 C 2 2022,248GKGV,7,C,17.0,83.0,22.0,12.0,95.0,72.0,50.166666666666664,3.0,4.0,4.0,4.0,0.0,2.0,0.0
jbv 7 C 3 2022,TPNA13A,7,C,61.0,64.0,7.0,7.0,15.0,63.0,36.166666666666664,4.0,1.0,4.0,3.0,4.0,2.0,4.0
jbv 7 C 4 2022,IY1AJM2,7,C,52.0,25.0,45.0,88.0,85.0,64.0,59.833333333333336,4.0,4.0,4.0,1.0,4.0,0.0,1.0
jbv 7 C 5 2022,HUHMG8K,7,C,31.0,70.0,58.0,23.0,43.0,27.0,42.0,2.0,4.0,2.0,0.0,3.0,4.0,1.0
jbv 7 C 6 2022,0CLWO7I,7,C,24.0,11.0,23.0,85.0,96.0,90.0,54.833333333333336,4.0,1.0,4.0,3.0,4.0,3.0,0.0
jbv 7 C 7 2022,PM0REU1,7,C,16.0,66.0,42.0,40.0,92.0,68.0,54.0,1.0,3.0,2.0,2.0,4.0,4.0,3.0
jbv 7 C 8 2022,BGQOA2W,7,C,14.0,7.0,30.0,0.0,38.0,37.0,21.0,1.0,2.0,0.0,4.0,3.0,2.0,3.0
jbv 7 C 9 2022,WV3LM0H,7,C,18.0,21.0,38.0,48.0,45.0,16.0,31.0,3.0,2.0,3.0,1.0,1.0,0.0,3.0
jbv 7 C 10 2022,F13ORGI,7,C,43.0,11.0,99.0,97.0,70.0,41.0,60.166666666666664,4.0,1.0,0.0,4.0,2.0,1.0,0.0
jbv 7 D 1 2022,1FFC51M,7,D,71.0,42.0,82.0,19.0,52.0,12.0,46.333333333333336,0.0,3.0,2.0,4.0,4.0,4.0,1.0
jbv 7 D 2 2022,ICGYCYR,7,D,63.0,83.0,42.0,75.0,42.0,20.0,54.166666666666664,1.0,3.0,4.0,0.0,4.0,3.0,0.0
jbv 7 D 3 2022,D11KDNN,7,D,57.0,14.0,62.0,91.0,49.0,41.0,52.333333333333336,2.0,0.0,0.0,0.0,1.0,0.0,0.0
jbv 7 D 4 2022,BQFKBL6,7,D,61.0,16.0,64.0,98.0,76.0,15.0,55.0,4.0,1.0,1.0,0.0,0.0,0.0,3.0
jbv 7 D 5 2022,BZM63YL,7,D,41.0,48.0,24.0,93.0,22.0,33.0,43.5,4.0,0.0,4.0,1.0,3.0,0.0,1.0
jbv 7 D 6 2022,V8J4XN7,7,D,57.0,76.0,22.0,69.0,44.0,78.0,57.666666666666664,2.0,4.0,1.0,4.0,3.0,1.0,4.0
jbv 7 D 7 2022,WUV6QAC,7,D,92.0,79.0,26.0,24.0,32.0,52.0,50.833333333333336,3.0,0.0,4.0,4.0,0.0,4.0,1.0
jbv 7 D 8 2022,5ALAYA6,7,D,82.0,25.0,52.0,24.0,70.0,65.0,53.0,3.0,3.0,2.0,1.0,4.0,1.0,4.0
jbv 7 D 9 2022,826E88E,7,D,55.0,59.0,81.0,4.0,87.0,15.0,50.166666666666664,1.0,0.0,0.0,0.0,4.0,1.0,0.0
jbv 7 D 10 2022,63HMQDP,7,D,22.0,19.0,91.0,20.0,64.0,70.0,47.666666666666664,2.0,3.0,1.0,1.0,3.0,0.0,2.0
jbv 8 A 1 2022,ZDWCY6H,8,A,41.0,32.0,85.0,8.0,88.0,45.0,49.833333333333336,2.0,0.0,4.0,4.0,1.0,2.0,1.0
jbv 8 A 2 2022,MT3XW2H,8,A,40.0,40.0,64.0,59.0,91.0,90.0,64.0,4.0,3.0,4.0,0.0,2.0,0.0,0.0
jbv 8 A 3 2022,4O1PUZ8,8,A,39.0,55.0,17.0,35.0,27.0,47.0,36.666666666666664,4.0,1.0,0.0,0.0,0.0,2.0,1.0
jbv 8 A 4 2022,NX3L59P,8,A,2.0,95.0,27.0,50.0,41.0,81.0,49.333333333333336,3.0,1.0,1.0,4.0,0.0,0.0,1.0
jbv 8 A 5 2022,8EI6R6S,8,A,4.0,19.0,16.0,98.0,64.0,42.0,40.5,2.0,2.0,4.0,4.0,0.0,1.0,1.0
jbv 8 A 6 2022,6K9OXR0,8,A,74.0,34.0,1.0,10.0,14.0,24.0,26.166666666666668,0.0,4.0,3.0,1.0,4.0,1.0,4.0
jbv 8 A 7 2022,7AWOLEE,8,A,43.0,74.0,95.0,92.0,99.0,27.0,71.66666666666667,3.0,3.0,1.0,2.0,1.0,3.0,2.0
jbv 8 A 8 2022,TYLLVFD,8,A,65.0,69.0,76.0,93.0,27.0,90.0,70.0,0.0,3.0,1.0,2.0,3.0,3.0,0.0
jbv 8 A 9 2022,6T7H85G,8,A,25.0,25.0,2.0,93.0,58.0,78.0,46.833333333333336,2.0,2.0,1.0,4.0,3.0,4.0,1.0
jbv 8 A 10 2022,VAGV0SX,8,A,16.0,7.0,74.0,34.0,92.0,72.0,49.166666666666664,0.0,3.0,4.0,3.0,3.0,2.0,3.0
jbv 8 B 1 2022,7KSDGCR,8,B,97.0,75.0,39.0,21.0,91.0,56.0,63.166666666666664,4.0,0.0,4.0,2.0,2.0,3.0,4.0
jbv 8 B 2 2022,K8W5WLN,8,B,19.0,31.0,17.0,28.0,59.0,4.0,26.333333333333332,0.0,1.0,0.0,3.0,4.0,0.0,1.0
jbv 8 B 3 2022,VNNLUME,8,B,46.0,35.0,3.0,94.0,48.0,18.0,40.666666666666664,2.0,1.0,4.0,4.0,0.0,0.0,3.0
jbv 8 B 4 2022,0ZJ5XZJ,8,B,97.0,12.0,62.0,76.0,8.0,71.0,54.333333333333336,3.0,3.0,2.0,4.0,3.0,2.0,2.0
jbv 8 B 5 2022,2DP8R2Y,8,B,38.0,77.0,73.0,76.0,69.0,51.0,64.0,4.0,3.0,4.0,2.0,0.0,4.0,2.0
jbv 8 B 6 2022,XCH137A,8,B,39.0,84.0,39.0,38.0,99.0,52.0,58.5,3.0,1.0,0.0,0.0,3.0,1.0,4.0
jbv 8 B 7 2022,MJVXQDC,8,B,29.0,69.0,55.0,81.0,96.0,75.0,67.5,2.0,3.0,1.0,1.0,1.0,1.0,0.0
jbv 8 B 8 2022,7DKPU3I,8,B,82.0,45.0,62.0,91.0,6.0,49.0,55.833333333333336,2.0,3.0,3.0,3.0,1.0,2.0,2.0
jbv 8 B 9 2022,KWR0H5U,8,B,48.0,14.0,12.0,51.0,92.0,49.0,44.333333333333336,1.0,4.0,0.0,0.0,3.0,1.0,2.0
jbv 8 B 10 2022,XIAAQFD,8,B,58.0,45.0,89.0,29.0,91.0,41.0,58.833333333333336,2.0,1.0,1.0,2.0,3.0,2.0,3.0
jbv 8 C 1 2022,B22GBRI,8,C,94.0,90.0,12.0,9.0,33.0,30.0,44.666666666666664,0.0,2.0,0.0,1.0,0.0,4.0,2.0
jbv 8 C 2 2022,FI4VFK8,8,C,50.0,59.0,53.0,80.0,52.0,91.0,64.16666666666667,4.0,3.0,4.0,4.0,3.0,3.0,1.0
jbv 8 C 3 2022,6OT4EP9,8,C,26.0,39.0,57.0,30.0,31.0,37.0,36.666666666666664,1.0,4.0,4.0,4.0,1.0,1.0,4.0
jbv 8 C 4 2022,L6HVNN1,8,C,56.0,22.0,55.0,10.0,80.0,5.0,38.0,0.0,0.0,4.0,1.0,4.0,3.0,0.0
jbv 8 C 5 2022,HADPOKD,8,C,29.0,99.0,40.0,70.0,40.0,24.0,50.333333333333336,2.0,1.0,0.0,0.0,1.0,2.0,4.0
jbv 8 C 6 2022,PJPZMG7,8,C,49.0,0.0,39.0,70.0,55.0,62.0,45.833333333333336,3.0,4.0,1.0,2.0,4.0,1.0,3.0
jbv 8 C 7 2022,XH55WYV,8,C,74.0,4.0,12.0,20.0,4.0,69.0,30.5,2.0,1.0,2.0,2.0,0.0,2.0,4.0
jbv 8 C 8 2022,474X1YW,8,C,84.0,82.0,89.0,99.0,73.0,69.0,82.66666666666667,4.0,3.0,2.0,0.0,4.0,0.0,1.0
jbv 8 C 9 2022,0W3B1U8,8,C,59.0,78.0,19.0,4.0,35.0,52.0,41.166666666666664,4.0,2.0,2.0,3.0,1.0,4.0,0.0
jbv 8 C 10 2022,VXIPCL1,8,C,82.0,34.0,57.0,3.0,84.0,81.0,56.833333333333336,1.0,0.0,4.0,1.0,4.0,3.0,0.0
jbv 8 D 1 2022,TMHBP24,8,D,8.0,96.0,20.0,27.0,81.0,27.0,43.166666666666664,3.0,2.0,4.0,3.0,2.0,3.0,3.0
jbv 8 D 2 2022,T4FW2ZO,8,D,51.0,11.0,1.0,50.0,23.0,46.0,30.333333333333332,1.0,0.0,2.0,3.0,4.0,2.0,4.0
jbv 8 D 3 2022,XXBJKJ9,8,D,77.0,78.0,70.0,69.0,66.0,89.0,74.83333333333333,1.0,3.0,2.0,2.0,4.0,2.0,4.0
jbv 8 D 4 2022,A10VTMQ,8,D,30.0,7.0,81.0,88.0,79.0,50.0,55.833333333333336,3.0,2.0,2.0,1.0,3.0,2.0,0.0
jbv 8 D 5 2022,HJ1UUI7,8,D,10.0,58.0,45.0,87.0,55.0,97.0,58.666666666666664,0.0,0.0,3.0,4.0,4.0,4.0,1.0
jbv 8 D 6 2022,OG0O8EL,8,D,12.0,4.0,44.0,21.0,44.0,75.0,33.333333333333336,0.0,3.0,2.0,4.0,1.0,2.0,0.0
jbv 8 D 7 2022,0YLRA25,8,D,87.0,73.0,63.0,37.0,21.0,21.0,50.333333333333336,0.0,2.0,2.0,0.0,0.0,1.0,1.0
jbv 8 D 8 2022,GVYKHV2,8,D,29.0,87.0,96.0,19.0,84.0,15.0,55.0,3.0,1.0,3.0,4.0,3.0,0.0,1.0
jbv 8 D 9 2022,G4RV9KL,8,D,54.0,60.0,90.0,83.0,8.0,27.0,53.666666666666664,1.0,3.0,4.0,2.0,3.0,0.0,1.0
jbv 8 D 10 2022,F38DFNW,8,D,21.0,57.0,39.0,58.0,56.0,29.0,43.333333333333336,1.0,4.0,4.0,0.0,2.0,1.0,4.0
jbv 9 A 1 2022,S2758Q4,9,A,11.0,84.0,77.0,80.0,43.0,3.0,49.666666666666664,0.0,0.0,4.0,3.0,0.0,1.0,1.0
jbv 9 A 2 2022,S171U42,9,A,2.0,83.0,21.0,23.0,74.0,11.0,35.666666666666664,2.0,0.0,0.0,1.0,3.0,0.0,2.0
jbv 9 A 3 2022,I4LP3UM,9,A,68.0,71.0,99.0,48.0,45.0,7.0,56.333333333333336,2.0,4.0,1.0,4.0,4.0,2.0,4.0
jbv 9 A 4 2022,LA2JHPP,9,A,75.0,27.0,46.0,12.0,43.0,29.0,38.666666666666664,0.0,2.0,4.0,0.0,2.0,3.0,1.0
jbv 9 A 5 2022,4OW503V,9,A,74.0,49.0,34.0,94.0,15.0,34.0,50.0,0.0,4.0,0.0,4.0,4.0,3.0,2.0
jbv 9 A 6 2022,CDCWGW3,9,A,54.0,67.0,88.0,74.0,19.0,22.0,54.0,3.0,0.0,0.0,4.0,1.0,2.0,4.0
jbv 9 A 7 2022,PX1CM9B,9,A,13.0,86.0,55.0,52.0,43.0,43.0,48.666666666666664,3.0,4.0,1.0,4.0,0.0,4.0,3.0
jbv 9 A 8 2022,KLQPMH8,9,A,41.0,59.0,55.0,32.0,55.0,61.0,50.5,0.0,3.0,4.0,3.0,0.0,3.0,2.0
jbv 9 A 9 2022,KOX75OZ,9,A,74.0,6.0,87.0,43.0,32.0,4.0,41.0,3.0,3.0,2.0,0.0,1.0,0.0,4.0
jbv 9 A 10 2022,658ZIMP,9,A,59.0,33.0,13.0,96.0,77.0,60.0,56.333333333333336,1.0,3.0,4.0,1.0,4.0,4.0,0.0
jbv 9 B 1 2022,ERTET95,9,B,84.0,26.0,59.0,28.0,94.0,55.0,57.666666666666664,0.0,0.0,0.0,4.0,2.0,4.0,1.0
jbv 9 B 2 2022,MZBQJY8,9,B,22.0,24.0,6.0,34.0,81.0,47.0,35.666666666666664,2.0,1.0,1.0,4.0,3.0,3.0,0.0
jbv 9 B 3 2022,VH67270,9,B,14.0,73.0,11.0,13.0,62.0,17.0,31.666666666666668,1.0,4.0,3.0,1.0,2.0,0.0,1.0
jbv 9 B 4 2022,T2BTE4L,9,B,86.0,16.0,26.0,52.0,17.0,29.0,37.666666666666664,2.0,4.0,4.0,1.0,1.0,2.0,3.0
jbv 9 B 5 2022,P0B1EUD,9,B,57.0,40.0,57.0,28.0,25.0,62.0,44.833333333333336,2.0,4.0,2.0,1.0,4.0,0.0,4.0
jbv 9 B 6 2022,83MG6UN,9,B,40.0,79.0,67.0,30.0,3.0,43.0,43.666666666666664,1.0,3.0,4.0,1.0,4.0,1.0,0.0
jbv 9 B 7 2022,H5Y77TQ,9,B,12.0,3.0,25.0,35.0,43.0,2.0,20.0,2.0,4.0,1.0,0.0,3.0,3.0,0.0
jbv 9 B 8 2022,M55L4VO,9,B,55.0,53.0,66.0,30.0,49.0,19.0,45.333333333333336,1.0,1.0,1.0,2.0,1.0,4.0,2.0
jbv 9 B 9 2022,Y84U5OF,9,B,94.0,86.0,59.0,83.0,64.0,34.0,70.0,0.0,4.0,2.0,4.0,3.0,3.0,3.0
jbv 9 B 10 2022,V6M3DLK,9,B,58.0,58.0,36.0,59.0,95.0,50.0,59.333333333333336,2.0,1.0,2.0,0.0,1.0,3.0,4.0
jbv 9 C 1 2022,QLWWZ9L,9,C,34.0,72.0,97.0,48.0,90.0,39.0,63.333333333333336,4.0,1.0,2.0,3.0,2.0,3.0,3.0
jbv 9 C 2 2022,CVLCMT8,9,C,18.0,14.0,75.0,62.0,40.0,91.0,50.0,0.0,2.0,2.0,3.0,2.0,0.0,4.0
jbv 9 C 3 2022,XKL0N8J,9,C,46.0,86.0,2.0,48.0,49.0,46.0,46.166666666666664,1.0,3.0,2.0,1.0,0.0,1.0,1.0
jbv 9 C 4 2022,RSVUVUK,9,C,88.0,25.0,75.0,40.0,76.0,2.0,51.0,2.0,4.0,0.0,3.0,2.0,2.0,0.0
jbv 9 C 5 2022,ATT7QY6,9,C,82.0,90.0,72.0,34.0,44.0,45.0,61.166666666666664,0.0,0.0,3.0,1.0,3.0,3.0,1.0
jbv 9 C 6 2022,0KG4QTP,9,C,41.0,71.0,26.0,39.0,83.0,22.0,47.0,0.0,4.0,0.0,1.0,2.0,3.0,0.0
jbv 9 C 7 2022,QS37TT5,9,C,81.0,82.0,9.0,73.0,20.0,42.0,51.166666666666664,4.0,3.0,3.0,2.0,0.0,3.0,1.0
jbv 9 C 8 2022,6R5PBJI,9,C,92.0,80.0,62.0,44.0,48.0,12.0,56.333333333333336,1.0,3.0,2.0,4.0,0.0,1.0,0.0
jbv 9 C 9 2022,8SF63LG,9,C,5.0,75.0,41.0,48.0,84.0,26.0,46.5,1.0,1.0,0.0,4.0,0.0,3.0,4.0
jbv 9 C 10 2022,G7NMRU4,9,C,50.0,51.0,65.0,88.0,61.0,6.0,53.5,0.0,2.0,1.0,0.0,4.0,2.0,0.0
jbv 9 D 1 2022,PHDE1I7,9,D,56.0,46.0,67.0,29.0,69.0,95.0,60.333333333333336,3.0,1.0,1.0,0.0,0.0,2.0,2.0
jbv 9 D 2 2022,HGJGN8C,9,D,8.0,90.0,60.0,6.0,89.0,60.0,52.166666666666664,3.0,0.0,0.0,1.0,0.0,1.0,3.0
jbv 9 D 3 2022,S4XIL63,9,D,11.0,34.0,18.0,33.0,84.0,86.0,44.333333333333336,0.0,4.0,4.0,3.0,4.0,3.0,4.0
jbv 9 D 4 2022,DDY1UIX,9,D,11.0,4.0,0.0,56.0,93.0,51.0,35.833333333333336,1.0,1.0,1.0,3.0,4.0,0.0,4.0
jbv 9 D 5 2022,Y23H28U,9,D,96.0,54.0,2.0,51.0,23.0,58.0,47.333333333333336,1.0,2.0,0.0,0.0,0.0,2.0,1.0
jbv 9 D 6 2022,AT8JDXZ,9,D,55.0,58.0,48.0,68.0,72.0,65.0,61.0,1.0,4.0,4.0,2.0,2.0,3.0,4.0
jbv 9 D 7 2022,FDSJ2AW,9,D,32.0,84.0,1.0,28.0,31.0,38.0,35.666666666666664,0.0,0.0,0.0,0.0,3.0,3.0,1.0
jbv 9 D 8 2022,7UQLS8R,9,D,91.0,68.0,4.0,78.0,67.0,91.0,66.5,1.0,3.0,1.0,4.0,1.0,1.0,2.0
jbv 9 D 9 2022,0QD001E,9,D,0.0,26.0,62.0,8.0,44.0,76.0,36.0,0.0,1.0,4.0,1.0,2.0,2.0,2.0
jbv 9 D 10 2022,P419FU9,9,D,5.0,14.0,84.0,74.0,2.0,73.0,42.0,3.0,2.0,1.0,1.0,2.0,0.0,2.0
jbv 10 A 1 2022,5PNXW4D,10,A,78.0,10.0,51.0,61.0,97.0,28.0,54.166666666666664,1.0,4.0,1.0,0.0,1.0,4.0,1.0
jbv 10 A 2 2022,VFLV245,10,A,65.0,30.0,72.0,23.0,69.0,97.0,59.333333333333336,3.0,0.0,2.0,4.0,3.0,2.0,0.0
jbv 10 A 3 2022,24C1J2K,10,A,48.0,63.0,14.0,80.0,73.0,18.0,49.333333333333336,4.0,2.0,2.0,1.0,2.0,1.0,4.0
jbv 10 A 4 2022,KJ6GFSC,10,A,2.0,86.0,84.0,55.0,58.0,52.0,56.166666666666664,4.0,4.0,1.0,2.0,4.0,3.0,2.0
jbv 10 A 5 2022,35J9M74,10,A,73.0,74.0,99.0,38.0,54.0,65.0,67.16666666666667,0.0,4.0,1.0,1.0,4.0,1.0,2.0
jbv 10 A 6 2022,GH07LS6,10,A,61.0,22.0,95.0,84.0,42.0,74.0,63.0,2.0,3.0,1.0,2.0,1.0,0.0,2.0
jbv 10 A 7 2022,HR344LI,10,A,61.0,27.0,14.0,14.0,28.0,73.0,36.166666666666664,1.0,0.0,1.0,0.0,3.0,1.0,2.0
jbv 10 A 8 2022,HG4IOGT,10,A,18.0,29.0,24.0,16.0,32.0,5.0,20.666666666666668,2.0,3.0,2.0,2.0,3.0,2.0,2.0
jbv 10 A 9 2022,4U68STK,10,A,21.0,49.0,20.0,80.0,50.0,19.0,39.833333333333336,1.0,2.0,2.0,1.0,0.0,4.0,2.0
jbv 10 A 10 2022,N03BMLV,10,A,44.0,98.0,14.0,49.0,72.0,81.0,59.666666666666664,1.0,4.0,4.0,2.0,4.0,2.0,4.0
jbv 10 B 1 2022,OFGJHJI,10,B,96.0,50.0,37.0,91.0,51.0,64.0,64.83333333333333,2.0,3.0,4.0,2.0,2.0,4.0,3.0
jbv 10 B 2 2022,NLTYQQR,10,B,48.0,73.0,55.0,77.0,3.0,17.0,45.5,2.0,3.0,3.0,4.0,0.0,1.0,4.0
jbv 10 B 3 2022,S604HGK,10,B,54.0,33.0,51.0,14.0,73.0,94.0,53.166666666666664,1.0,0.0,3.0,3.0,4.0,2.0,2.0
jbv 10 B 4 2022,2CPSR63,10,B,38.0,11.0,43.0,94.0,55.0,91.0,55.333333333333336,4.0,1.0,4.0,3.0,3.0,0.0,4.0
jbv 10 B 5 2022,09BXYA4,10,B,30.0,64.0,3.0,71.0,8.0,74.0,41.666666666666664,4.0,0.0,1.0,4.0,0.0,3.0,3.0
jbv 10 B 6 2022,EAWXIHI,10,B,7.0,32.0,31.0,57.0,60.0,31.0,36.333333333333336,3.0,2.0,2.0,3.0,0.0,0.0,2.0
jbv 10 B 7 2022,G0WXFNA,10,B,83.0,69.0,40.0,7.0,15.0,18.0,38.666666666666664,4.0,0.0,3.0,2.0,1.0,0.0,2.0
jbv 10 B 8 2022,TKXF7L1,10,B,77.0,44.0,88.0,82.0,63.0,29.0,63.833333333333336,0.0,2.0,0.0,4.0,4.0,2.0,1.0
jbv 10 B 9 2022,5YYXVBC,10,B,62.0,22.0,66.0,24.0,16.0,68.0,43.0,2.0,1.0,4.0,4.0,3.0,1.0,0.0
jbv 10 B 10 2022,ERC4CCY,10,B,6.0,36.0,36.0,12.0,77.0,80.0,41.166666666666664,1.0,2.0,2.0,0.0,2.0,1.0,2.0
jbv 10 C 1 2022,KBQX9X1,10,C,58.0,88.0,91.0,79.0,24.0,31.0,61.833333333333336,3.0,2.0,3.0,3.0,0.0,2.0,1.0
jbv 10 C 2 2022,EXJ1AM6,10,C,67.0,22.0,89.0,77.0,94.0,75.0,70.66666666666667,1.0,0.0,2.0,4.0,0.0,1.0,2.0
jbv 10 C 3 2022,4BU3B9C,10,C,38.0,31.0,81.0,40.0,65.0,68.0,53.833333333333336,2.0,0.0,0.0,0.0,0.0,3.0,4.0
jbv 10 C 4 2022,JYM8M2A,10,C,44.0,71.0,4.0,88.0,81.0,58.0,57.666666666666664,2.0,1.0,3.0,0.0,2.0,0.0,1.0
jbv 10 C 5 2022,AUXJY4R,10,C,33.0,29.0,15.0,4.0,15.0,44.0,23.333333333333332,1.0,3.0,2.0,2.0,1.0,4.0,1.0
jbv 10 C 6 2022,I2BNSGT,10,C,70.0,95.0,53.0,47.0,82.0,50.0,66.16666666666667,3.0,0.0,2.0,3.0,2.0,3.0,0.0
jbv 10 C 7 2022,4KJXDZ9,10,C,60.0,11.0,28.0,76.0,16.0,12.0,33.833333333333336,2.0,0.0,0.0,0.0,1.0,2.0,0.0
jbv 10 C 8 2022,7X6GZPY,10,C,81.0,20.0,14.0,35.0,46.0,97.0,48.833333333333336,2.0,4.0,2.0,0.0,4.0,4.0,3.0
jbv 10 C 9 2022,996BRW8,10,C,48.0,60.0,25.0,54.0,92.0,82.0,60.166666666666664,3.0,3.0,4.0,2.0,4.0,0.0,3.0
jbv 10 C 10 2022,8PWHOXH,10,C,71.0,24.0,31.0,12.0,58.0,39.0,39.166666666666664,3.0,0.0,0.0,3.0,0.0,4.0,1.0
jbv 10 D 1 2022,243LA4Q,10,D,49.0,96.0,29.0,2.0,44.0,4.0,37.333333333333336,2.0,2.0,2.0,1.0,4.0,1.0,4.0
jbv 10 D 2 2022,WISYRTS,10,D,97.0,33.0,67.0,75.0,73.0,30.0,62.5,1.0,3.0,0.0,1.0,2.0,4.0,1.0
jbv 10 D 3 2022,API4OTL,10,D,10.0,37.0,53.0,52.0,15.0,75.0,40.333333333333336,0.0,0.0,4.0,1.0,4.0,3.0,3.0
jbv 10 D 4 2022,T2ZNSDF,10,D,48.0,74.0,71.0,14.0,92.0,58.0,59.5,4.0,1.0,2.0,1.0,3.0,0.0,2.0
jbv 10 D 5 2022,9MQ3I36,10,D,47.0,78.0,92.0,12.0,39.0,90.0,59.666666666666664,3.0,3.0,2.0,2.0,1.0,0.0,3.0
jbv 10 D 6 2022,YRW9UEM,10,D,27.0,66.0,90.0,73.0,57.0,95.0,68.0,3.0,2.0,2.0,1.0,4.0,3.0,0.0
jbv 10 D 7 2022,BF7ZXGM,10,D,80.0,3.0,9.0,36.0,4.0,99.0,38.5,0.0,3.0,0.0,1.0,3.0,3.0,4.0
jbv 10 D 8 2022,HXQORJH,10,D,38.0,22.0,55.0,5.0,99.0,33.0,42.0,2.0,0.0,4.0,3.0,0.0,1.0,2.0
jbv 10 D 9 2022,QMU4R21,10,D,79.0,77.0,94.0,54.0,78.0,56.0,73.0,2.0,2.0,4.0,2.0,1.0,2.0,3.0
jbv 10 D 10 2022,0UK5Z6Z,10,D,49.0,22.0,67.0,61.0,53.0,75.0,54.5,1.0,1.0,4.0,2.0,4.0,3.0,4.0
